Nome,CPF
Ágatha Alves,630.512.784-08
Theo Dias,041.285.367-17
Yan da Cunha,149.852.307-23
Sra. Aylla Castro,584.129.367-28
Luiz Miguel Pimenta,725.394.618-91
Dr. Bryan Silveira,541.630.289-51
Arthur das Neves,430.186.729-50
Vicente Vargas,875.390.126-68
Carlos Eduardo Novaes,873.091.456-66
Srta. Maya Sousa,071.864.329-13
Ana Júlia Cavalcanti,546.037.891-57
Hadassa Caldeira,384.925.167-55
Pietra da Cruz,018.762.349-03
Srta. Eloá da Rocha,028.917.364-78
Emanuel Barbosa,895.746.021-76
Maria Sophia Novais,190.632.548-06
Emanuelly Cardoso,936.741.258-46
Benício Sousa,841.729.650-67
Mateus Moura,893.067.124-13
Theodoro Cunha,930.756.248-29
Nicole Macedo,724.980.361-13
Carlos Eduardo Rios,192.578.360-02
Alícia das Neves,326.791.580-59
Sr. Vitor Hugo Dias,526.037.918-77
Bryan da Mata,891.702.536-68
